﻿<?xml version="1.0"?>
<doc>
<assembly>
<name>
GEARADOR DE DXF 2
</name>
</assembly>
<members>
<member name="T:GEARADOR_DE_DXF_2.My.Resources.Resources">
<summary>
  Uma classe de recurso de tipo de alta segurança, para pesquisar cadeias de caracteres localizadas etc.
</summary>
</member>
<member name="P:GEARADOR_DE_DXF_2.My.Resources.Resources.ResourceManager">
<summary>
  Retorna a instância de ResourceManager armazenada em cache usada por essa classe.
</summary>
</member>
<member name="P:GEARADOR_DE_DXF_2.My.Resources.Resources.Culture">
<summary>
  Substitui a propriedade CurrentUICulture do thread atual para todas as
  pesquisas de recursos que usam essa classe de recurso de tipo de alta segurança.
</summary>
</member>
<member name="P:GEARADOR_DE_DXF_2.My.Resources.Resources._6791569">
<summary>
  Consulta um recurso localizado do tipo System.Drawing.Bitmap.
</summary>
</member>
<member name="P:GEARADOR_DE_DXF_2.My.Resources.Resources.dxf_file_format_icon_dxf_extension_filled_icon_free_vector">
<summary>
  Consulta um recurso localizado do tipo System.Drawing.Bitmap.
</summary>
</member>
<member name="P:GEARADOR_DE_DXF_2.My.Resources.Resources.dxf_file_format_icon_dxf_extension_filled_icon_free_vector1">
<summary>
  Consulta um recurso localizado do tipo System.Drawing.Bitmap.
</summary>
</member>
</members>
</doc>
